clause_text,clause_type
Fiscal Year. The fiscal year of the Partnership shall be the calendar year.,fiscal-year
Fiscal Year. The fiscal year of the Partnership shall be a fiscal year ending December 31.,fiscal-year
"Fiscal Year. The fiscal year (""Fiscal Year"") of the Trust shall be the calendar year, or such other year as is required by the Code.",fiscal-year
Fiscal Year. The fiscal year of the Company shall be the calendar year.,fiscal-year
Fiscal Year. The fiscal year of the Corporation shall be fixed by resolution of the Board of Directors.,fiscal-year
Fiscal Year. The fiscal year of the Corporation shall be determined by the Board of Directors.,fiscal-year
Fiscal Year. The fiscal year of the Company shall end on December 31 of each year.,fiscal-year
Fiscal Year. The fiscal year of the Trust shall end on a specified date as set forth in the By-laws. The Trustees may change the fiscal year of the Trust without Shareholder approval.,fiscal-year
"Fiscal Year. The fiscal year of the Trust shall be fixed, and shall be subject to change, by the Board of Trustees.",fiscal-year
Fiscal Year. The fiscal year of the Trust shall end on such date as the Trustees shall from time to time determine.,fiscal-year
"Fiscal Year. No Credit Party shall, nor shall it permit any of its Subsidiaries to change its Fiscal Year-end from December 31.",fiscal-year
Fiscal Year. The fiscal year of the corporation shall be fixed by resolution of the board of directors.,fiscal-year
Fiscal Year. The fiscal year of the corporation shall begin on the first day of January and end on the last day of December in each year.,fiscal-year
"Fiscal Year. The Borrower shall not, and shall not permit any other Loan Party or other Subsidiary to, change its fiscal year from that in effect as of the Agreement Date.",fiscal-year
Fiscal Year. The fiscal year of the Company shall end on the last day of December in each year.,fiscal-year
"Fiscal Year. The Borrower shall not, and shall not permit any Subsidiary of the Borrower to, change its fiscal year from the twelve-month period beginning January 1 and ending December 31.",fiscal-year
Fiscal Year. The fiscal year of the Trust or any Series shall end on a specified date as determined from time to time by the Trustees.,fiscal-year
Fiscal Year. Change its fiscal year.,fiscal-year
"Fiscal Year. The Borrower shall not change its Fiscal Year-end to a date other than December 31; provided that the Borrower may, upon written notice to the Administrative Agent, change the Fiscal Year-end of the Borrower to another date, in which case the Borrower and the Administrative Agent will, and are hereby authorized to, make any adjustments to this Agreement that are necessary to reflect such change in Fiscal Year.",fiscal-year
Fiscal Year. Not change its Fiscal Year.,fiscal-year
Fiscal Year. Change its fiscal year-end to a date other than December 31.,fiscal-year
Fiscal Year. The Borrower shall not change its Fiscal Year.,fiscal-year
Fiscal Year. The fiscal year of the Corporation shall begin on the first day of January of each year.,fiscal-year
"Fiscal Year. With respect to the Borrower, change its fiscal year-end to a date other than December 31.",fiscal-year
"Fiscal Year. CAI will not, and will not permit any of its Subsidiaries to, change the date of the end of its fiscal (or financial) year from that set forth in §7.4.1.",fiscal-year
Fiscal Year. The fiscal year of the Corporation shall be such as established from time to time by the Board of Directors.,fiscal-year
Fiscal Year. The Parent shall not change its fiscal year from that in effect as of the Agreement Date.,fiscal-year
Fiscal Year. The fiscal year of the Company shall begin on the first Monday after the last Sunday in December of each year and end on the last Sunday in the following December.,fiscal-year
Fiscal Year. The fiscal year of the Company for financial statement and federal income tax purposes will end on December 31 unless otherwise determined by the Member.,fiscal-year
Fiscal Year. The Borrower and each of its Subsidiaries has a fiscal year which is the twelve months ending on December 31 of each calendar year.,fiscal-year
"Fiscal Year. Neither the Company, the Borrower nor any of its Consolidated Businesses shall change its Fiscal Year for accounting or tax purposes from a period consisting of the 12-month period ending on December 31 of each calendar year.",fiscal-year
"Fiscal Year. The fiscal year of the Company shall begin on the 1st day of January and end on the 31st day of December of each year, but may be changed by resolution of the Board of Managers.",fiscal-year
"Fiscal Year. In the case of the Borrower, permit any change to its fiscal year without prior notice to the Administrative Agent, in which case, the Borrower and the Administrative Agent will, and are hereby authorized by the Lenders to, make any adjustments to this Agreement that are necessary to reflect such change in fiscal year.",fiscal-year
Fiscal Year. The fiscal year of the Company shall begin on January 1 of each year and end on December 31 of that year.,fiscal-year
Fiscal Year. The fiscal year of the Trust will end on the last day of December of each year.,fiscal-year
"Fiscal Year. Unless otherwise determined by the Member, the Company's books and records shall be kept on a December 31 calendar year basis and shall reflect all Company transactions and be appropriate and adequate for conducting the Company's affairs.",fiscal-year
Fiscal Year. The fiscal year of the Corporation shall commence on the first day of January of each year (except for the Corporation's first fiscal year which shall commence on the date of incorporation) and shall terminate in each case on December 31.,fiscal-year
"Fiscal Year. The fiscal year of the Company (the ""Fiscal Year"") for financial statement purposes shall end on December 31 of each year.",fiscal-year
Fiscal Year. Each fiscal year of Borrower commences on January 1.,fiscal-year
"Fiscal Year. Except as from time to time otherwise designated by the Board of Directors, the fiscal year of the corporation shall begin on the first day of January of each year and end on the last day of December in each year.",fiscal-year
Fiscal Year. The fiscal year of the Partnership shall be the calendar year or such other period as may be approved by the Internal Revenue Service for federal income tax purposes.,fiscal-year
"Fiscal Year. The fiscal year of the Corporation shall be fixed, and may be changed, by resolution of the Board.",fiscal-year
Fiscal Year. Company shall not change its Fiscal Year-end from December 31.,fiscal-year
"Fiscal Year. Change the Fiscal Year of any Loan Party, or the accounting policies or reporting practices of the Loan Parties, except as required by GAAP.",fiscal-year
Fiscal Year. The Fiscal Year shall begin on the 1st day of January and end on the 31st day of December of each year. The first Fiscal Year of the Trust shall commence on the date of filing of the Certificate of Trust and end on the 31st day of December 1999. The Fiscal Year in which any Series in the Trust shall terminate shall end on the date of termination of the Series.,fiscal-year
Fiscal Year. The Fiscal Year of the Company shall end on December 31 of each year or such other date as may be established by the Manager.,fiscal-year
Fiscal Year. The twelve (12) month period beginning July 1st and ending the following June 30th.,fiscal-year
Fiscal Year. The fiscal year of the Company for tax and financial reporting purposes shall be a calendar year ending December 31.,fiscal-year
"Fiscal Year. The fiscal year of the Corporation shall be fixed by the board of directors; provided, that if such fiscal year is not fixed by the board of directors and the selection of the fiscal year is not expressly deferred by the board of directors, the fiscal year shall be the calendar year.",fiscal-year
"Fiscal Year. Except as from time to time otherwise provided by the Trustees, the fiscal year of the Trust shall end on December 31.",fiscal-year
"Fiscal Year. The Borrower will not, and will not permit or cause any of its Subsidiaries to, change the ending date of its fiscal year to a date other than December 31.",fiscal-year
"Fiscal Year. 6.1 General. The fiscal year of the Trust shall be fixed by, and shall be subject to change by, the Trustees.",fiscal-year
"Fiscal Year. The fiscal year of the Trust shall end on a specified date as set forth in the Bylaws, provided, however, that the Trustees may change the fiscal year of the Trust.",fiscal-year
Fiscal Year. The fiscal year of the Trust will be the calendar year.,fiscal-year
Fiscal Year. The fiscal year of the corporation shall be as established by the board of directors.,fiscal-year
"Fiscal Year. The fiscal year of the Company shall end on December 31 of each calendar year unless, for United States federal income tax purposes, another fiscal year is required. The Company shall have the same fiscal year for United States federal income tax purposes and for accounting purposes.",fiscal-year
Fiscal Year. The fiscal year of the corporation shall be fixed by resolution of the Board of Directors and may be changed by the Board of Directors.,fiscal-year
Fiscal Year. The fiscal year for the School shall begin on July 1 and end on June 30 of the subsequent calendar year.,fiscal-year
Fiscal Year. The fiscal year of the Company shall end on December 31.,fiscal-year
Fiscal Year. Borrower shall maintain as its fiscal year the twelve (12) month period ending on December 31 of each year.,fiscal-year
"Fiscal Year. Unless otherwise determined by the Board, the fiscal year of the Company shall be the calendar year.",fiscal-year
Fiscal Year. The fiscal year of the Company shall be the same as the fiscal year of the Member.,fiscal-year
Fiscal Year. The Fiscal Year of the Company shall be the calendar year.,fiscal-year
Fiscal Year. Such Borrower will not change its fiscal year without prior notification to the Lenders.,fiscal-year
"Fiscal Year. Fiscal Year"" means the calendar year, except that the first fiscal year and the last fiscal year of the Term may be a partial calendar year.",fiscal-year
Fiscal Year. Permit the fiscal year of the Borrower to end on a day other than December 31.,fiscal-year
Fiscal Year. The fiscal year of the Company for financial statement and federal income tax purposes will end on December 31 unless otherwise determined by the Member. The Company is to be treated as a disregarded entity for federal tax purposes.,fiscal-year
"Fiscal Year. The fiscal year of the Partnership will commence on January 1 and end on December 31 each year (“fiscal year”). Each fiscal year of the Partnership is divided into four fiscal quarters commencing on the first day of January, April, July and October (“fiscal quarter”).",fiscal-year
"Fiscal Year. Newmark will, and will cause each member of the Newmark Group organized in the United States to, maintain a fiscal year that commences and ends on the same calendar days as BGC Partners’ fiscal year commences and ends, and to maintain monthly accounting periods that commence and end on the same calendar days as BGC Partners’ monthly accounting periods commence and end.",fiscal-year
"Fiscal Year. The fiscal year of the Company shall end each year on the same day that the fiscal year of the Sole Member ends, unless a different fiscal year is required by applicable law.",fiscal-year
"Fiscal Year. The fiscal year end of the Corporation shall be fixed, and shall be subject to change, by the Board of Directors from time to time, subject to applicable law.",fiscal-year
"Fiscal Year. The fiscal year of the Corporation shall be fixed, and shall be subject to change, by the Board of Directors. Unless otherwise fixed by the Board of Directors, the fiscal year of the Corporation shall be the calendar year.",fiscal-year
"Fiscal Year. Unless and until otherwise determined by the General Partner in its sole and absolute discretion, the fiscal year of the Partnership for federal income tax purposes shall, except as otherwise required in accordance with the Code, end on December 31 of each year (each, a “Fiscal Year”).",fiscal-year
"Fiscal Year. The period commencing on the Closing Date and ending on March 31, 2003, and thereafter each period commencing on April 1 of each year and ending on March 31 of the following year (or on the date of a final distribution pursuant to Section 6.2 hereof), unless the Board elects another fiscal year for the Company.",fiscal-year
"Fiscal Year. All books and records of the Company shall be kept on the basis of an annual accounting period ending December 31 of each year, except for the final accounting period, which shall end on the dissolution or termination of the Company. The Company's fiscal and taxable year shall correspond to the annual accounting period described in the preceding sentence, whether the same shall consist of twelve months or less.",fiscal-year
Fiscal Year. The fiscal year of the Corporation shall be the calendar year unless otherwise determined by the Board.,fiscal-year
"Fiscal Year. The Company, for accounting and income tax purposes, shall operate on a Fiscal Year ending December 31 of each year, and shall make such income tax elections and use such methods of depreciation as shall be determined by the Manager. The books and records of the Company will be kept on a GAAP basis in accordance with sound accounting practices to reflect all income and expenses of the Company.",fiscal-year
"Fiscal Year. Unless otherwise provided by resolution of the Board of Trustees, the fiscal year of the Trust shall begin on the 1st day of October and end on the last day of September.",fiscal-year
"Fiscal Year. After giving effect to the special allocations set forth in Sections 2.2 and 2.3, Profits and Losses of the Company shall be allocated as follows:",fiscal-year
"Fiscal Year. The fiscal year of the Company shall be the calendar year; provided, however, that the Manager may change the fiscal year of the Company from time to time in the Manager’s sole discretion.",fiscal-year
Fiscal Year. The Company’s fiscal year shall end on December 31 of each calendar year.,fiscal-year
"Fiscal Year. The Fiscal Year shall begin on the 1st day of January and end on the 31st day of December of each year. The first Fiscal Year of the Trust shall commence on the date of filing of the Certificate of Trust and end on the 31st day of December 2006. If, after commencement of operations, applicable tax rules require the Trust to adopt a taxable year other than the calendar year, the term “Fiscal Year” for the Trust shall mean such other taxable year as required by Code Section 706 or an alternative taxable year chosen by the Managing Owner which has been approved by the Internal Revenue Service. The Fiscal Year in which the Trust shall terminate shall end on the date of such termination.",fiscal-year
Fiscal Year. The fiscal year of the Trust shall be fixed and refixed or changed from time to time by the Trustees. The fiscal year of the Trust shall be the taxable year of each Series and Class of the Trust.,fiscal-year
Fiscal Year. The fiscal year of each series of the Trust shall be fixed and refixed or changed from time to time by the Trustees.,fiscal-year
Fiscal Year. The fiscal year of the Corporation shall be ----------- ----------- determined by resolution of the Board of Directors.,fiscal-year
Fiscal Year. The fiscal year of the Corporation shall be such fiscal year as the Board of Directors from time to time by resolution shall determine.,fiscal-year
Fiscal Year. The fiscal year of the Partnership shall be the calendar year. The General Partner may select an alternate fiscal year.,fiscal-year
"Fiscal Year. Subject to Section 14.1.10, the fiscal year of the Partnership shall be the calendar year; provided, however, if the Code requires a taxable year of the Partnership other than a calendar year then, for U.S. tax purposes, the fiscal year of the Partnership shall be such taxable year.",fiscal-year
"Fiscal Year. The fiscal year of the Corporation shall end on the last day of December in each year, or such other date as the Board may determine.",fiscal-year
Fiscal Year. The fiscal year of the corporation shall be as fixed by the Board of Directors.,fiscal-year
Fiscal Year. Change its Fiscal Year.,fiscal-year
Fiscal Year. The fiscal year of the Fund shall end on such date as the members of the Board from time to time shall determine.,fiscal-year
Fiscal Year. Permit the Fiscal Year of any Credit Party to end on a day other than December 31.,fiscal-year
Fiscal Year. The fiscal year of the Corporation shall end on the thirty-first day of December of each year unless changed by resolution of the Board.,fiscal-year
Fiscal Year. The fiscal year of the Trust shall end on December 31 of each year.,fiscal-year
Fiscal Year. The fiscal year of the Partnership shall begin on January 1 of each year and end on the following December 31.,fiscal-year
"Fiscal Year. The fiscal year of the Partnership (each, a “Fiscal Year”) shall be a year ending December 31. The General Partner in its sole discretion may change the Fiscal Year of the Partnership at any time and from time to time in each case as may be required or permitted under the Code or applicable United States Treasury Regulations and shall notify the Limited Partners of such change in the regular communication to the Limited Partners next following such change.",fiscal-year
Fiscal Year. The fiscal year of the Corporation shall be fixed by the Board.,fiscal-year
"Fiscal Year. Unless otherwise designated by the Partners, the fiscal year of the Partnership shall end on December 31.",fiscal-year
Fiscal Year. The Borrower shall not change its fiscal year or method of accounting without providing the Administrative Agent with prior written notice (i) providing a detailed explanation of such changes and (ii) including a pro forma financial statements demonstrating the impact of such change.,fiscal-year
"Fiscal Year. The fiscal year of the Company (the “Fiscal Year”) shall be the calendar year; provided, however, that the last Fiscal Year of the Company shall end on the date on which the Company is terminated.",fiscal-year
Fiscal Year. The Fiscal Year of the Partnership shall be the calendar year.,fiscal-year
Fiscal Year. The Authority’s fiscal year shall be 12 months commencing July 1 and ending June 30. The fiscal year may be changed by Board resolution.,fiscal-year
Fiscal Year. Borrower will not change its fiscal year.,fiscal-year
"Fiscal Year. Borrower will not, and will not permit or cause any of its Subsidiaries to, change the ending date of its fiscal year to a date other than December 31 unless (i) Borrower shall have given the Lender written notice of its intention to change such ending date at least sixty (60) days prior to the effective date thereof and (ii) prior to such effective date this Agreement shall have been amended to make any changes in the financial covenants and other terms and conditions to the extent necessary, in the reasonable determination of the Lender, to reflect the new fiscal year ending date.",fiscal-year
Fiscal Year. The fiscal year of the Borrower is the calendar year unless the following blank states otherwise: year ending September 30th.,fiscal-year
"Fiscal Year. No Credit Party shall, nor shall it permit any of its Subsidiaries to, change its Fiscal Year end from December 31st.",fiscal-year
Fiscal Year. The fiscal year of the Company will end on December 31st of each year or such other date as may be fixed from time to time by the Board.,fiscal-year
"Fiscal Year. The fiscal year of the Company (the ""Fiscal Year"") shall end on the 31st day of December in each year. The Company shall have the same fiscal year for income tax and for financial and accounting purposes.",fiscal-year
"Fiscal Year. The fiscal year of the Company shall begin on the first day of January and end on the last day of December each year, unless otherwise determined by the Member.",fiscal-year
"Fiscal Year. Unless otherwise provided in a Series Designation, the fiscal year for tax and financial reporting purposes of each Series shall be a calendar year ending December 31 unless otherwise required by the Code. The fiscal year for financial reporting purposes of the Company shall be a calendar year ending December 31.",fiscal-year
Fiscal Year. The Feeder Fund shall take appropriate action to maintain the same fiscal year end as the Master Fund (currently March 31st).,fiscal-year
"Fiscal Year. The fiscal year of the Company for tax, accounting and any other purposes shall end on December 31 of each calendar year.",fiscal-year
Fiscal Year. No Credit Party shall change its Fiscal Year or permit any of its Subsidiaries to change their respective Fiscal Years.,fiscal-year
"Fiscal Year. For financial accounting purposes, the fiscal year of the Company will end on December 31 of each year unless a different year is adopted by the Board.",fiscal-year
Fiscal Year. The fiscal year of the corporation shall be fixed --------- ----------- by resolution of the board of directors.,fiscal-year
Fiscal Year. Permit the fiscal year of any Borrower to end on a day other than December 31.,fiscal-year
"Fiscal Year. The fiscal year of the Company shall be the calendar year, or as the Member may designate by resolution, subject to the provisions of Code § 706.",fiscal-year
"Fiscal Year. The term ""fiscal year"" as used in this Agreement refers to the period of time from July 1 through June 30.",fiscal-year
Fiscal Year. The fiscal year of the Company shall end on the same day as the last day of the fiscal year of the Member.,fiscal-year
Fiscal Year. The Fiscal Year and accounting period of the Company shall end on September 30 of each year.,fiscal-year
Fiscal Year. The fiscal year of the Company shall end on December 31st of each calendar year unless otherwise determined by the Management Committee in accordance with Section 706 of the Code.,fiscal-year
Fiscal Year. Each fiscal year of Borrower begins on September 1 of each calendar year and ends on August 31 of the following calendar year.,fiscal-year
Fiscal Year. The fiscal year of the Company shall be the period ending on December 31 of each year.,fiscal-year
Fiscal Year. The fiscal year for tax and financial reporting purposes of the Company shall be a calendar year ending December 31 unless otherwise required by the Code or permitted by law.,fiscal-year
Fiscal Year. The fiscal year of the Partnership (“Fiscal Year”) shall be the calendar year.,fiscal-year
"Fiscal Year. The Partnership shall adopt a fiscal year beginning on the first day of January of each year and ending on the last day of December; provided, however, that the General Partners in their sole discretion may, subject to approval by the Internal Revenue Service and the applicable state taxing authorities at any time without the approval of the Limited Partners change the Partnership's fiscal year to a period to be determined by the General Partners.",fiscal-year
"Fiscal Year. Neither the Parent nor the Borrower shall, and neither the Parent nor the Borrower shall permit any other Loan Party or other Subsidiary to, change its fiscal year from that in effect as of the Agreement Date.",fiscal-year
Fiscal Year. The Company’s fiscal year shall be the calendar year.,fiscal-year
Fiscal Year. The fiscal year of the Company shall be the calendar year (“Fiscal Year”).,fiscal-year
"Fiscal Year. The fiscal year and taxable year of the Partnership (the ""fiscal year"") shall end on the last day of December of each year, unless another fiscal year end is selected by the General Partner.",fiscal-year
Fiscal Year. The Fiscal Year of the Company shall begin on the first day of January and end on the last day of December each year or such other date as may be established by the Manager.,fiscal-year
Fiscal Year. Cause the Fiscal Year of the Parent and its Subsidiaries to end on September 30 of each calendar year unless the Agents consent to a change in such Fiscal Year (and appropriate related changes to this Agreement).,fiscal-year
"Fiscal Year. The fiscal year of the Corporation shall end on December 31 of each year, unless otherwise fixed by resolution of the Board of Directors.",fiscal-year
"Fiscal Year. The continuation of this Agreement beyond the end of any County fiscal year is subject to both the appropriation and the availability of funds in accordance with Chapter 129, Florida Statutes.",fiscal-year
Fiscal Year. The fiscal year of the Partnership shall begin on January 1st of each year and end on December 31st of such year (each a “Fiscal Year”). The Fiscal Year in which the Partnership shall terminate shall begin on January 1 and end on the date of termination of the Partnership.,fiscal-year
"Fiscal Year. The Borrower will not, and will not permit or cause any of its Subsidiaries to, change its fiscal year or its method of determining fiscal quarters.",fiscal-year
Fiscal Year. None of the Borrower Parties shall change its Fiscal Year for accounting or tax purposes from a period consisting of the 12-month period ending on December 31 of each calendar year.,fiscal-year
"Fiscal Year. The fiscal year of the Corporation shall end on --------- ----------- the last day of December in each year and shall begin on the next succeeding day, or shall be for such other period as the Board of Directors may from time to time designate with the consent of the Department of Taxation and Finance, where applicable.",fiscal-year
Fiscal Year. The Borrower has a fiscal year which is twelve calendar months ending on December 31 of each year.,fiscal-year
Fiscal Year. Cause its fiscal year to end on December 31.,fiscal-year
Fiscal Year. The fiscal year of the Association shall be the calendar year.,fiscal-year
Fiscal Year. Customer agrees to maintain its fiscal year as a year ending December 31 unless Customer provides IBM Credit at least thirty (30) days prior written notice of any change thereof.,fiscal-year
"Fiscal Year. The Borrower will not, and will not permit any of its Principal Subsidiaries to, change its fiscal year (a) without prior written notification to the Lenders and (b) if such change would materially affect the Lenders’ ability to read and interpret the financial statements delivered pursuant to Section 7.1 or calculate the financial covenant in Section 7.2.",fiscal-year
"Fiscal Year. Except as otherwise determined by the Board of Directors, the fiscal year of the Corporation shall end on December 31 of each year.",fiscal-year
Fiscal Year. The fiscal and tax year of the Partnership shall be the calendar year. The books of the Partnership shall be kept on an accrual basis.,fiscal-year
Fiscal Year. The fiscal year of the Trust shall consist of the 12-month period ending December 31.,fiscal-year
Fiscal Year. Company shall not change its Fiscal Year‑end from December 31st.,fiscal-year
Fiscal Year. The fiscal year of the Company begins on the first day of January and ends on the last day of December.,fiscal-year
"Fiscal Year. The fiscal year and taxable year of the Company ends on September 30 of each year, unless a different year is required by the Code or otherwise established by the Member.",fiscal-year
Fiscal Year. The fiscal year of the Corporation shall be fixed from time to time by resolution of the Board of Directors.,fiscal-year
Fiscal Year. The fiscal year of the Corporation shall begin on the 1st day of July in each year and shall end on the 30th day of June in the following year.,fiscal-year
"Fiscal Year. The fiscal year of the Company (herein called the ""fiscal year"") shall end on December 31 of each calendar year; provided, however, that the Managing Member may change the Company's fiscal year-end, without the consent of the Non-Managing Members, as deemed appropriate by the Managing Member, in its sole discretion.",fiscal-year
"Fiscal Year. The fiscal year of the Company shall end on December 31, unless the Member determines that some other fiscal year would be more appropriate and obtains the consent of the Internal Revenue Service to use that other fiscal year.",fiscal-year
Fiscal Year. The fiscal year of the Corporation shall be the calendar year unless changed by resolution of the Board.,fiscal-year
Fiscal Year. The Fiscal Year of the Company shall end on December 31st unless otherwise determined by the Managing Member in its sole discretion in accordance with Section 706 of the Code.,fiscal-year
Fiscal Year. Neither the Parent nor the Borrower shall change its fiscal year from that in effect as of the Agreement Date.,fiscal-year
Fiscal Year. The Borrower will not change its fiscal year-end to a date other than December 31.,fiscal-year
"Fiscal Year. Any period for which any income tax return is submitted by the Company to the Internal Revenue Service and which is treated by the Internal Revenue Service as a reporting period, and during which the Advisor performs services for the Company.",fiscal-year
"Fiscal Year. The Board of Directors shall have power to fix and from time to time change the fiscal year of the Corporation. In the absence of action by the Board of Directors, the fiscal year of the Corporation shall end each year on the date which the Corporation treated as the close of its first fiscal year, until such time, if any, as the fiscal year shall be changed by the Board of Directors.",fiscal-year
Fiscal Year. The fiscal year of the Partnership shall be the calendar year unless otherwise determined by the General Partner.,fiscal-year
Fiscal Year. The fiscal year shall begin the first day of January in each year.,fiscal-year
"Fiscal Year. The Company shall, and shall cause each of its consolidated Subsidiaries to, maintain a fiscal year which commences on January 1 and ends on December 31 of each calendar year; provided that, if on the date hereof any consolidated Subsidiary of the Company has a fiscal year which ends on a date other than December 31, the Company shall use its reasonable best efforts to cause such Subsidiary to change its fiscal year to one which ends on December 31 if such change is reasonably practicable.",fiscal-year
"Fiscal Year. The fiscal year (the ""Fiscal Year"") of the LLC shall constitute the 12-month period ending on December 31 of each calendar year, or such other annual accounting period as may be established by the Board.",fiscal-year
Fiscal Year. Change its fiscal year-end from December 31.,fiscal-year
"Fiscal Year. The fiscal and taxable year of the Company shall be the calendar year, or such other period as the Manager determines.",fiscal-year
"Fiscal Year. Unless the Issuer otherwise determines, the fiscal year of the Issuer shall end on December 31 of each year.",fiscal-year
Fiscal Year. The fiscal year of such Borrower is the calendar year.,fiscal-year
Fiscal Year. The fiscal year of the Company shall end on 31 December 2009 and on 31 December in each year thereafter.,fiscal-year
"Fiscal Year. The fiscal year of the corporation shall begin on the lst day of January in each year, or on such other day as the Board of Directors shall fix.",fiscal-year
Fiscal Year. Amend its Fiscal Year.,fiscal-year
Fiscal Year. The fiscal year of the Company for both financial reporting and tax purposes shall be the calendar year.,fiscal-year
Fiscal Year. The fiscal year of the Charter School shall begin on July 1 of each calendar year of the term of this Charter and shall end on June 30 of the subsequent calendar year.,fiscal-year
"Fiscal Year. If the Company’s fiscal year is changed to other than a calendar year, the references to calendar year in this Agreement shall be adjusted to appropriately reflect the change.",fiscal-year
Fiscal Year. The fiscal year of the Company shall begin on January 1 and end on December 31.,fiscal-year
Fiscal Year. Change the ending date of its fiscal year from December 31.,fiscal-year
"Fiscal Year. The fiscal year of the Trust shall end as set forth in the Bylaws, provided, however, that the Trustees may, without Shareholder approval, change the fiscal year of the Trust.",fiscal-year
"Fiscal Year. The Fiscal Year ends on December 31st of each calendar year, and the Fiscal Quarters end on the last day of each of March, June, September and December of each calendar year.",fiscal-year
"Fiscal Year. The Fiscal Year of the Partnership for financial and Federal, state and local income tax purposes shall initially be the calendar year. The General Partner shall have authority to change the beginning and ending dates of the Fiscal Year if the General Partner, in its sole and absolute discretion, deems such change to be necessary or appropriate to the business of the Partnership, and the General Partner shall give written notice of any such change to the Limited Partners within thirty (30) days after the occurrence thereof.",fiscal-year
"Fiscal Year. The Borrower shall not, nor shall it permit any Subsidiary to, change its fiscal year to end on any date other than December 31 of each year.",fiscal-year
"Fiscal Year. The fiscal year of the Corporation shall be the calendar year, unless otherwise fixed by resolution of the Board of Directors.",fiscal-year
"Fiscal Year. The Borrower will not change its fiscal year to end on a date inconsistent with past practice; provided, however, that the Borrower may, upon written notice from the Borrower to the Administrative Agent, change the financial reporting convention specified above (x) to align the dates of such fiscal year and for any Restricted Subsidiary whose fiscal years end on dates different from those of the Borrower or (y) to any other financial reporting convention reasonably acceptable to the Administrative Agent, in which case the Borrower and the Administrative Agent will, and are hereby authorized by the Lenders to, make any adjustments to this Agreement that are necessary in order to reflect such change in financial reporting.",fiscal-year
"Fiscal Year. The Parent Borrower shall not change its fiscal year end from December 31; provided, however, that the Parent Borrower may, upon written notice to the Administrative Agent, change its fiscal year to any other fiscal year reasonably acceptable to the Administrative Agent, in which case, the Parent Borrower and the Administrative Agent will, and are hereby authorized by the Lenders to, make any adjustments to this Agreement that are necessary to reflect such change in fiscal year, and so long as it has provided any reconciliation statements reasonably requested by the Administrative Agent.",fiscal-year
Fiscal Year. The Borrower shall not change its fiscal year.,fiscal-year
Fiscal Year. The Borrower shall maintain as its Fiscal Year the twelve month period ending on December 31 of each year.,fiscal-year
Fiscal Year. The fiscal year of the Company shall be the year ending December 31.,fiscal-year
Fiscal Year. The Fiscal Year of the Partnership shall end on the 31st day of December in each year. The Partnership shall have the same Fiscal Year for income tax and for financial and partnership accounting purposes.,fiscal-year
Fiscal Year. Section 4. The fiscal year of the corporation shall be fixed by resolution of the Board of Directors.,fiscal-year
"Fiscal Year. The fiscal year (the “Fiscal Year”) of the Company shall end on December 31st of each calendar year unless, for federal income tax purposes, another Fiscal Year is required. The Company shall have the same Fiscal Year for United States federal income tax purposes and for accounting purposes.",fiscal-year
"Fiscal Year. The fiscal year of the Company shall end on the fiscal year end required for U.S. federal income tax purposes. The Sole Member is authorized to make all elections for tax or other purposes as it may deem necessary or appropriate, including the establishment and implementation of transition periods.",fiscal-year
Fiscal Year. The term “,fiscal-year
Fiscal Year. Change the end of its fiscal year from December 31 to any other date.,fiscal-year
Fiscal Year. No Borrower shall change its Fiscal Year.,fiscal-year
"Fiscal Year. The fiscal year of the Corporation shall be as determined by the Board of Directors and approved by the Internal Revenue Service. The Treasurer shall forthwith arrange a consultation with the Corporation's tax advisers to determine whether the Corporation is to have a fiscal year other than the calendar year. If so, the Treasurer shall file an election with the Internal Revenue Service as early as possible, and all correspondence with the IRS, including the application for the Corporation's Employer Identification Number, shall reflect such non-calendar year election.",fiscal-year
Fiscal Year. The fiscal year end of the Portfolio is December 31.,fiscal-year
"Fiscal Year. In the case of the Borrower, permit its fiscal year to end on any date other than December 31 without prior notice to the Administrative Agent.",fiscal-year
Fiscal Year. Change its fiscal year end to a date other than December 31.,fiscal-year
Fiscal Year. Borrower shall not change its Fiscal Year.,fiscal-year
Fiscal Year. The fiscal year of the Partnership shall be a fiscal year ending December 31. Section 8.3 Reports.,fiscal-year
"Fiscal Year. The Borrower will not, and the Borrower will not permit any other Loan Party to, change its fiscal year to end on a date other than December 31.",fiscal-year
"Fiscal Year. Permit the fiscal year of the Company to end on a day other than December 31, unless the Company shall have given at least 45 days prior written notice to the Administrative Agent.",fiscal-year
Fiscal Year. The fiscal year of the Company shall be fixed by resolution of the Board and may be changed by the Board.,fiscal-year
"Fiscal Year. Fiscal Year"" means the calendar year, except that the first Fiscal Year and the last Fiscal Year of the Term may be a partial calendar year.",fiscal-year
"Fiscal Year. Borrower will not, and it will not cause or permit any Subsidiary to, change its fiscal year.",fiscal-year
Fiscal Year. The fiscal year of the Corporation shall end on the 31st day of December.,fiscal-year
Fiscal Year. Borrower shall not permit its fiscal year or the fiscal year of any of its Subsidiaries to end on a day other than December 31.,fiscal-year
Fiscal Year. Neither the Borrower nor any of its consolidated Subsidiaries shall change its fiscal year for accounting or tax purposes from a twelve-month period ending September 30 of each year.,fiscal-year
Fiscal Year. The fiscal year of the Partnership shall end on December 31st of each year.,fiscal-year
Fiscal Year. Fund shall take appropriate action to adopt and ----------- maintain the same fiscal year end as Portfolio (currently the last day of February).,fiscal-year
"Fiscal Year. Each of the Borrower and each other member of the Borrower Affiliated Group shall have a fiscal year ending on the Saturday closest to January 31 of each year and shall notify the Administrative Agent of any change in such fiscal year (whereupon, notwithstanding the provisions of Section 9.8, the Administrative Agent and the Banks shall have the right to modify the timing of the financial covenants hereunder accordingly in order to correspond to any such change in fiscal year).",fiscal-year
Fiscal Year. Change its fiscal year from that in effect as of the Agreement Date.,fiscal-year
Fiscal Year. Borrower and its Subsidiaries each operate on a fiscal year ending on December 31.,fiscal-year
Fiscal Year. Borrower shall not change its fiscal year except upon prior written notice to Lender.,fiscal-year
"Fiscal Year. The fiscal year of the Partnership shall end on September 30th for financial reporting and accounting purposes and on December 31st for income tax purposes, subject to any change determined and made by the General Partner.",fiscal-year
Fiscal Year. The Borrower will not change its fiscal year without the prior written consent of the Administrative Agent (which shall not be unreasonably withheld).,fiscal-year
"Fiscal Year. Except as from time to time otherwise provided by the Trustees, the initial fiscal year of the Trust shall end on such date as is determined in advance or in arrears by the Treasurer, and subsequent fiscal years shall end on such date in subsequent years.",fiscal-year
Fiscal Year. The Company shall not change its fiscal year.,fiscal-year
"Fiscal Year. The Borrower shall not make any change in its fiscal year or fiscal quarters (it being understood that the Borrower’s fiscal year ends on December 31 of each year, and that each of the first three fiscal quarters of each fiscal year of the Borrower ends on the March 31, June 30 and September 30, respectively); provided, however, that the Borrower may, upon written notice to the Administrative Agent and the Required Lenders, change its fiscal year and fiscal quarters to any other fiscal year (and any other fiscal quarters) reasonably acceptable to the Administrative Agent and the Required Lenders, in which case, the Borrower and the Administrative Agent will, and are hereby authorized by the Lenders to, make any adjustments to this Agreement that are necessary to reflect such changes.",fiscal-year
"Fiscal Year. Neither the Borrower nor any of its consolidated Subsidiaries shall change its fiscal year for accounting or tax purposes from a period consisting of the 12-month period ending on the last day of December of each year, except as required by Agreement Accounting Principles (including fiscal year end changes required as a result of the Transactions) or by law and disclosed to the Lenders and the Agent.",fiscal-year
"Fiscal Year. With respect to Holdings and the Borrowers, change its fiscal year end to a date other than December 31; provided that Holdings and the Borrowers may, upon written notice to the Administrative Agent, change its fiscal year end to a day reasonably acceptable to Administrative Agent, in which case, (x) Holdings, the Borrowers and the Administrative Agent will, and are hereby authorized by the Lenders to, make any adjustments to this Agreement that are necessary to reflect such change in fiscal year and (y) for any such fiscal year in which such change is made, Holdings and the Borrowers will also deliver financial statements in compliance with Section 5.04(a) as though the fiscal year end were December 31.",fiscal-year
"Fiscal Year. The fiscal year of the Partnership for financial reporting purposes shall be the calendar year, unless the General Partner shall determine otherwise in its sole discretion.",fiscal-year
Fiscal Year. The fiscal year of the Company shall be a calendar year ending December 31.,fiscal-year
"Fiscal Year. The Company will not, and the Company will not permit any other Loan Party to, change its fiscal year to end on a date other than December 31.",fiscal-year
Fiscal Year. Neither the Borrower nor the REIT Guarantor shall change its fiscal year from that in effect as of the Agreement Date without the Agent’s prior written consent.,fiscal-year
"Fiscal Year. The Board of Directors may, by resolution, adopt a fiscal year for the Corporation.",fiscal-year
Fiscal Year. The fiscal year of the Company shall be a fiscal year ending December 31 or as otherwise determined by the Board of Directors.,fiscal-year
"Fiscal Year. The Loan Parties shall not change their Fiscal Year without the prior written consent of the Administrative Agent, which consent shall not be unreasonably withheld.",fiscal-year
"Fiscal Year. The fiscal year of the Trust shall end on a specified date as set forth in, or as set pursuant to, the By-Laws, provided, however, that the Trustees may, without Shareholder approval, change the fiscal year of the Trust.",fiscal-year
"Fiscal Year. Except as may otherwise be required by the federal tax laws, the fiscal year of the Partnership for both financial and tax reporting purposes shall end on December 31.",fiscal-year
"Fiscal Year. To enable the ready and consistent determination of compliance with the covenant set forth in Section 7.09 hereof, the Company and its Subsidiaries will not change the last day of their fiscal year from December 31 of each year, or the last day of the first three fiscal quarters in each of its fiscal years from March 31, June 30 and September 30, respectively.",fiscal-year
Fiscal Year. The Board of Directors is authorized to fix the fiscal year of the Corporation and to change the same from time to time as it deems appropriate.,fiscal-year
Fiscal Year. The Borrower will not change the date of the end of its fiscal year from that set forth in Section 7.4.1.,fiscal-year
"Fiscal Year. Except as from time to time otherwise determined by the Board of Directors, the fiscal year of the corporation shall end on December 31.",fiscal-year
Fiscal Year. Change its fiscal year-end to a date other than March 31.,fiscal-year
"Fiscal Year. The Borrower will not, nor will it permit any of its Subsidiaries to, change its fiscal year without first obtaining the written consent of the Required Lenders (such consent not to be unreasonably withheld).",fiscal-year
"Fiscal Year. The Fiscal Year of the LLC shall begin on January 1 and end on December 31, or such other taxable year, as required by Section 706(b) of the Code.",fiscal-year
"Fiscal Year. Maintain the same opening and closing dates for each fiscal year as for the fiscal year reflected in the Base Financial Statements or, if the opening and closing dates for the fiscal year reflected in the Base Financial Statements were determined pursuant to a formula, determine the opening and closing dates for each fiscal year pursuant to the same formula.",fiscal-year
"Fiscal Year. Except as otherwise determined by the Board of Directors, the fiscal year of the Company (the “Fiscal Year”) shall be the fiscal year of the Member.",fiscal-year
Fiscal Year. The fiscal year of the Company (the “Fiscal Year”) for financial statement and federal income tax purposes shall be determined by the Board.,fiscal-year
"Fiscal Year. The fiscal year and taxable year of the Company shall end on December 31 of each year, unless a different year is required by the Code.",fiscal-year
"Fiscal Year. Not, and not suffer or permit any other Loan Party to, change its Fiscal Year.",fiscal-year
"Fiscal Year. The fiscal year of the Company (the “Fiscal Year”) shall be the same as the taxable year of the Company. The taxable year of the Company will be a year that ends on the last Friday of each November, or such other year as may be required by applicable federal income tax law.",fiscal-year
"Fiscal Year. Vendor understands and agrees that this Agreement may involve services to be performed in different school fiscal years. While it is the intent of the District to utilize the Vendor continuously throughout the term irrespective of fiscal year, Vendor and District agree and acknowledge that all services in fiscal years subsequent to the fiscal year of Agreement execution is contingent upon availability of continued funding.",fiscal-year
Fiscal Year. The fiscal year of the Company shall end on December 31 of each calendar year (the “Fiscal Year”).,fiscal-year
Fiscal Year. The Company shall notify the Trustee of its fiscal year and any change thereof.,fiscal-year
"Fiscal Year. The fiscal year (""Fiscal Year"") of the Trust shall be the calendar year.",fiscal-year
Fiscal Year. Each of Holdings and the Borrower shall not change its fiscal year for accounting and financial reporting purposes to end on any date other than December 31.,fiscal-year
Fiscal Year. The fiscal year of the Partnership shall be the calendar year for tax purposes.,fiscal-year
Fiscal Year. The Borrower will not permit its fiscal year to end on other than December 31 and for each of is fiscal quarters to end on other than the last day of standard calendar quarters.,fiscal-year
"Fiscal Year. The fiscal year of the Trust shall be established, re-established or changed from time to time by resolution of the Board.",fiscal-year
Fiscal Year. The Trust shall adopt a fiscal year (“Fiscal Year”) that shall end on June 30. The first Fiscal Year of the Trust shall commence on the date of filing of the Certificate of Trust and shall end on June 30 of the year during which the Certificate of Trust was initially filed. The Fiscal Year in which the Trust shall terminate shall end on the date of such termination.,fiscal-year
Fiscal Year. The fiscal year of the Trust shall be fixed by resolution of the Trustees.,fiscal-year
"Fiscal Year. The twelve-month period commencing at 12:01 a.m. on July 1 of each year and ending at 12:01 a.m. on the following July 1, or such other time frame as determined by the Board of Directors.",fiscal-year
"Fiscal Year. For income tax and accounting purposes, the Fiscal Year of the Company will end on December 31 in each year (unless otherwise required by the Code).",fiscal-year
"Fiscal Year. Except as from time to time otherwise provided by the Trustees, President, Secretary, Controller or Treasurer, the fiscal year of the Trust shall end on December 31.",fiscal-year
"Fiscal Year. The fiscal year of the Company shall be the calendar year, unless otherwise determined by the Majority Vote of the Members.",fiscal-year
"Fiscal Year. The fiscal year of the Corporation shall end on December 31 of each year, or such other twelve consecutive months as the Board of Directors may designate.",fiscal-year
Fiscal Year. 8.1 The fiscal year of the Corporation shall end on the thirty-first day of December in each year.,fiscal-year
"Fiscal Year. The Borrower shall not, and shall not permit any Unregulated Subsidiary (other than Project Subsidiaries) of the Borrower to, change its fiscal year from the twelve-month period beginning October 1 and ending September 30 without the prior consent of the Administrative Agent, such consent not to be unreasonably withheld or delayed.",fiscal-year
Fiscal Year. Neither Borrower nor any of its respective consolidated Subsidiaries shall change its fiscal year for accounting or tax purposes from a period consisting of the 52-week period ending on Saturday of the thirteenth week of each calendar year.,fiscal-year
"Fiscal Year. The fiscal year of the Fund shall end on the 31st day of December, in each year.",fiscal-year
"Fiscal Year. Except as may otherwise be determined from time to time by the General Partners, the Partnership's fiscal year for federal income tax and financial reporting purposes shall end on December 31 of each year.",fiscal-year
Fiscal Year. Company shall not change its Fiscal Year-end from December 31 of each calendar year.,fiscal-year
Fiscal Year. The fiscal year of the Partnership shall be determined by the General Partner.,fiscal-year
Fiscal Year. The fiscal year of the Partnership shall be the calendar year (the “Partnership Year”).,fiscal-year
Fiscal Year. The Company will not change its Fiscal Year.,fiscal-year
Fiscal Year. The fiscal year end for the Fund is December 31.,fiscal-year
Fiscal Year. The fiscal year of the Company shall end on December 31 of each year or such other date as may be required by the Code or determined by the Board.,fiscal-year
Fiscal Year. The fiscal year of the Partnership shall be January 1 to December 31.,fiscal-year
Fiscal Year. The fiscal year of the Partnership shall end on December 31.,fiscal-year
"Fiscal Year. The Borrower shall not, and shall not permit any Subsidiary to, change its fiscal year end from December 31.",fiscal-year
Fiscal Year. FCX will not change its fiscal year to end on any date other than December 31.,fiscal-year
Fiscal Year. Change its fiscal year-end to a date other than the Friday closest to September 30.,fiscal-year
"Fiscal Year. The fiscal year of the Corporation shall be January 1 through December 31, unless otherwise fixed by the Board of Directors.",fiscal-year
"Fiscal Year. The Borrower will not, and will not permit any Restricted Subsidiary to, change its fiscal year.",fiscal-year
Fiscal Year. The fiscal year of the Corporation shall be determined by the board of directors and set forth in the minutes of the directors. Said fiscal year may be changed from time to time by the board of directors in its discretion.,fiscal-year
"Fiscal Year. To enable the ready and consistent determination of compliance with the covenants set forth in Section 8.10 hereof, the Credit Parties shall maintain their current fiscal year and current method of determining the last day of the first three fiscal quarters in each fiscal year.",fiscal-year
Fiscal Year. The Fiscal Year of the Partnership shall begin on the first day of January and end on the thirty-first day of December in each year.,fiscal-year
Fiscal Year. The fiscal year of the Company shall end on December 31 ------------ in each year.,fiscal-year
"Fiscal Year. With respect to Holdings and the Borrower, change their fiscal year-end to a date other than September 30.",fiscal-year
Fiscal Year. The Borrower will not change its fiscal year from a fiscal year ending December 31.,fiscal-year
Fiscal Year. The fiscal year of the Company shall begin on January 1 of each year and end on December 31 of that year; provided that the Company’s first fiscal year shall begin on the date of formation of the Company and the Company’s last fiscal year shall end on the date of termination of the Company.,fiscal-year
Fiscal Year. Neither Borrower nor any Subsidiary of Borrower shall change its fiscal year.,fiscal-year
Fiscal Year. The Fiscal Year of the Borrower ends on December 31 of each year.,fiscal-year
Fiscal Year. July 1 of one year through June 30 of the following year.,fiscal-year
Fiscal Year. The fiscal year of the Company shall be as provided by the Member.,fiscal-year
Fiscal Year. Borrower shall not change its Fiscal Year-end from December 31.,fiscal-year
Fiscal Year. The fiscal year of Company ends on December 31 of each year.,fiscal-year
"Fiscal Year. The fiscal year of the Corporation shall be as determined by the Board of Directors. If the Board of Directors shall fail to do so, the Chief Executive Officer shall fix the fiscal year.",fiscal-year
Fiscal Year. Borrower’s Fiscal Year is January 1 through December 31.,fiscal-year
Fiscal Year. The Borrower and its Subsidiaries shall not change their fiscal years without the prior written consent of the Agent.,fiscal-year
"Fiscal Year. TGI shall not, and shall not permit any Subsidiary of TGI to, change its fiscal year from the twelve-month period beginning April 1 and ending March 31, other than upon thirty (30) days’ prior written notice to the Administrative Agent and provided that such new fiscal year shall end on a the last day of a calendar quarter.",fiscal-year
Fiscal Year. Each Credit Party shall cause its Fiscal Year to end on December 31 of each year unless the Required Lenders consent to a change in such Fiscal Year (and appropriate related changes to this Agreement).,fiscal-year
Fiscal Year. The Borrower will not change its fiscal year from that set forth in Section 4.13 hereof without prior written notice to the Banks.,fiscal-year
Fiscal Year. The Fiscal Year of the Company shall end on December 31 of each year or such other date as may be established by the Manager; provided that the Company shall have the same Fiscal Year for accounting purposes as its Taxable Year for U.S. federal income tax purposes.,fiscal-year
"Fiscal Year. No Credit Party shall, nor shall it permit any of its Subsidiaries to change its Fiscal Year.",fiscal-year
"Fiscal Year. None of the Borrowers will, nor will permit any of its Subsidiaries to, change the date of the end of its fiscal year from that set forth in §7.4.1.",fiscal-year
"Fiscal Year. The fiscal year (“Fiscal Year”) and taxable year of the Partnership will be the calendar year, and its fiscal quarters (each, a “Fiscal Quarter”) shall end on the last day of each calendar quarter. The Managing General Partner may change the ending date of the Fiscal Year if the Managing General Partner determines in good faith that such change is necessary or appropriate. The Managing General Partner will change the taxable year of the Partnership if and to the extent necessary to comply with Code Section 706 and the Regulations thereunder. The Managing General Partner will give prompt written notice of any such change to the other Partners.",fiscal-year
Fiscal Year. The fiscal year of the Company (the “Fiscal Year”) for financial statement and federal income tax purposes will end on December 31st unless otherwise determined by the Board or required under the Code.,fiscal-year
Fiscal Year. The calendar year.,fiscal-year
Fiscal Year. The fiscal year of each Obligor ends on December 31.,fiscal-year
"Fiscal Year. The twelve (12) month period from January 1 to December 31, or any shorter period at the beginning or end of the Term.",fiscal-year
Fiscal Year. No Credit Party shall change its Fiscal Year.,fiscal-year
Fiscal Year. The fiscal year of each series of shares of the Trust shall be established by the Board of Trustees.,fiscal-year
Fiscal Year. Change the fiscal year of Borrower.,fiscal-year
"Fiscal Year. The fiscal year of the Company (the “Fiscal Year”) shall be the same as its taxable year, as determined pursuant to Section 706 of the Code.",fiscal-year
"Fiscal Year. The fiscal year of the Partnership shall end August 31, of each year.",fiscal-year
"Fiscal Year. A period of twelve (12) calendar months which commences on the first day of May and ends on the last day of April in the next calendar year, inclusive. An electronic bulletin board where announcements are made regarding, among other matters, important personnel matters of the University. A full-time equivalent position at the University. A Member's child who is less than one (1) year of age. The Committee as described in Article 13 of this Agreement. A discipline-based unit or division within the Library. A librarian who has administrative responsibility for a discipline-based unit or division within the Library. Persons whose sexual orientation is other than heterosexual and/or whose gender identity or presentation is at variance with the sex assigned to them at birth. A person included in the Bargaining Unit as defined by the Certificates issued by the Ontario Labour Relations Board (OLRB), dated November 7, 1995 or May 1, 2003 as may be amended by the OLRB or by agreement of the Parties.",fiscal-year
"Fiscal Year. Each of Holdings and Company shall not, and shall not permit any of its Subsidiaries to, change its Fiscal Year-end from December 31; provided, that the Fiscal Year-end of Holdings and its Subsidiaries may be changed to the end of any Fiscal Quarter with the prior written consent of, and following receipt of any information requested by, Administrative Agent (including, without limitation, reconciliation statements for the immediately preceding three years described in Section 5.1(e)).",fiscal-year
"Fiscal Year. For U.S. federal income tax purposes, the Company’s taxable year is the calendar year, unless otherwise required by the Code or permitted by applicable law (the “Fiscal Year”). For financial reporting purposes, the Company’s fiscal year is a calendar year ending March 31.",fiscal-year
Fiscal Year. The fiscal year of the corporation shall end on December 31.,fiscal-year
Fiscal Year. The fiscal year of the Corporation shall end on such date and shall consist of such accounting periods as may be fixed by the Board of Directors.,fiscal-year
Fiscal Year. The Borrower’s Fiscal Year is January 1 through December 31.,fiscal-year
"Fiscal Year. Change its Fiscal Year, or permit any Subsidiary to have a fiscal year different from the Fiscal Year of Borrower.",fiscal-year
"Fiscal Year. The fiscal year of the Company shall end on the last day of March each year, unless otherwise determined by the Board.",fiscal-year
"Fiscal Year. For income tax and accounting purposes, the fiscal year of the Company will be the Fiscal Year.",fiscal-year
"Fiscal Year. Change its fiscal year end date to a date other than December 31, other than with the previous written consent of the Administrative Agent (such consent not to be unreasonably withheld or delayed).",fiscal-year
Fiscal Year. The fiscal year of the Borrower ends on December 31.,fiscal-year
Fiscal Year. No Loan Party will change its Fiscal Year without the approval of the Administrative Agent.,fiscal-year
"Fiscal Year. The fiscal year of each Series of the Trust shall end on a specified date as determined by the Trustees; provided, however, that the Trustees may, without Shareholder approval, change the fiscal year of the Trust.",fiscal-year
Fiscal Year. No Loan Party shall change its Fiscal Year.,fiscal-year
"Fiscal Year. Each Borrower agrees to maintain, and to cause each of its Subsidiaries to maintain, its fiscal year as a year ending March 31st.",fiscal-year
"Fiscal Year. “Fiscal Year” means each calendar year during which any portion of the Term occurs (e.g., the first Fiscal Year shall be the calendar year during which the Commencement Date occurs).",fiscal-year
"Fiscal Year. Borrower will not, and will not permit any other Credit Party to, change its Fiscal Year.",fiscal-year
"Fiscal Year. Except for the first and last years of the Liquidating Trust, the fiscal year of the Liquidating Trust shall be the calendar year. For the first and last years of the Liquidating Trust, the fiscal year of the Liquidating Trust shall be such portion of the calendar year that the Liquidating Trust is in existence.",fiscal-year
Fiscal Year. The Borrower agrees that it will give the Agent at least forty-five (45) days' prior written notice of any change in its fiscal year from a year ending December 31.,fiscal-year
"Fiscal Year. The fiscal year of the Corporation shall be the 12 calendar months period ending December 31 in each year, unless otherwise provided by the Board of Directors.",fiscal-year
Fiscal Year. Such Loan Party and each of its Subsidiaries has a fiscal (or financial) year which is the twelve months ending on December 31 of each calendar year.,fiscal-year
"Fiscal Year. The fiscal year of the Company shall be the calendar year, except that the first fiscal year shall be the period beginning on the date of formation of the Company and ending on December 31, 2000.",fiscal-year
Fiscal Year. Establish a fiscal year different from the Fiscal Year.,fiscal-year
"Fiscal Year. The Borrower will not, without the consent of the Agent (not to be unreasonably withheld) change its fiscal year from that set forth in Section 4.13 hereof.",fiscal-year
"Fiscal Year. After such time as the Reorganization is completed, the Company’s fiscal year shall end on December 31 of each year or such other date as the Board of Managers shall determine.",fiscal-year
"Fiscal Year. For the purposes of this Agreement, the term “",fiscal-year
Fiscal Year. The term “fiscal year” means the period beginning on the first Sunday after the Saturday closest to January 31st of each calendar year and ending on the Saturday closest to January 31st of the following calendar year.,fiscal-year
Fiscal Year. The annual accounting period of the Company shall be the calendar year. The cutoff date of the accounting period shall be the last day of the calendar month.,fiscal-year
Fiscal Year. The fiscal year of the Company shall begin on January 1 and end on December 31 unless otherwise determined by the Member.,fiscal-year
"Fiscal Year. Change the Fiscal Year of any Loan Party, or, other than as permitted pursuant to Section 1.03, the accounting policies or reporting practices of the Loan Parties, except as required by GAAP.",fiscal-year
Fiscal Year. Change its fiscal year to a period other than its fiscal year in effect on the date hereof.,fiscal-year
"Fiscal Year. (a) Make any material change in its accounting policies or reporting practices, except as required by GAAP or (b) change its fiscal year-end from December 31.",fiscal-year
"Fiscal Year. The fiscal year of the Company shall end at the close of business on the Saturday closest to January 31 and shall, in each case, begin at the opening of business on the day next succeeding the last day of the preceding fiscal year.",fiscal-year
Fiscal Year. The Borrower shall not change its fiscal year for accounting and financial reporting purposes to end on any date other than December 31.,fiscal-year
Fiscal Year. The LLC's fiscal and tax year shall end December 31.,fiscal-year
Fiscal Year. The fiscal year of the corporation shall be the calendar year.,fiscal-year
Fiscal Year. No Loan Party shall change its Fiscal Year-end from December 31.,fiscal-year
Fiscal Year. The fiscal year of each of the Loan Parties (including the Borrower) ends on December 31 of each calendar year.,fiscal-year
"Fiscal Year. No Credit Party shall, nor shall it permit any of its Subsidiaries to change its Fiscal Year-end from the Saturday closest to December 31 of each calendar year.",fiscal-year
"Fiscal Year. In the case of the Company and the Subsidiaries, cause their fiscal year to end on December 31.",fiscal-year
Fiscal Year. The Fiscal Year of the Company shall be the calendar year for tax and accounting purposes.,fiscal-year
"Fiscal Year. The Loan Parties will not, and will not permit any of their Subsidiaries to, change their fiscal year from a year ending December 31.",fiscal-year
"Fiscal Year. The fiscal year of the Corporation shall be fixed by resolution of the Board of Directors. In the absence of such resolution, the fiscal year of the Corporation shall be the calendar year beginning January 1 and ending December 31.",fiscal-year
"Fiscal Year. Change its fiscal year from that in effect on the Effective Date, or permit any of its Subsidiaries so to do.",fiscal-year
Fiscal Year. Change its Fiscal Year-end from December 31st or change its method of determining Fiscal Quarters.,fiscal-year
Fiscal Year. The fiscal year of the Company shall end on November 30 of each year.,fiscal-year
Fiscal Year. The Borrower shall not permit the fiscal year of the Borrower or any Subsidiary to end on a day other than December 31.,fiscal-year
Fiscal Year. Neither the Borrower nor any of its consolidated Subsidiaries shall change its fiscal year for accounting or tax purposes from a period consisting of a 52/53 calendar week year ending on September 30 of each year without the prior written consent of the Administrative Agent.,fiscal-year
"Fiscal Year. The Borrower will not, and will not permit MCRC or any of their respective Subsidiaries to, change the date of the end of its fiscal year from that set forth in §6.5; provided that such persons may change their respective fiscal years if they give the Administrative Agent thirty (30) days prior written notice of such change and the parties make appropriate adjustments satisfactory to the Borrower and the Lenders to the provisions of this Agreement (including without limitation those set forth in §9) to reflect such change in fiscal year.",fiscal-year
Fiscal Year. The fiscal year of the corporation shall be established by the Board of Directors.,fiscal-year
"Fiscal Year. Photowatt shall (and shall cause each member of the Photowatt Group to) maintain a fiscal year that commences and ends on the same calendar days as the fiscal year of ATS commences and ends, and to maintain monthly account periods that commence and end on the same calendar days as the monthly account periods of ATS commence and end.",fiscal-year
"Fiscal Year. Except with prior notice to Lender, Borrower will not change the times of commencement or termination of its fiscal year or other accounting periods; or change its methods of accounting other than to conform to GAAP applied on a consistent basis. After any such changes, its method of accounting shall conform to GAAP.",fiscal-year
"Fiscal Year. Neither the Borrower nor, so long as the Servicer and one of the Originators are the same entity, the Servicer shall change its fiscal year other than to conform with changes that may be made to the Performance Guarantor’s fiscal year and then only after notice to the Managing Agents and after whatever amendments are made to this Agreement as may be required by the Managing Agents, in order that the reporting criteria for the financial covenants contained in Articles VI and VII remain substantially unchanged.",fiscal-year
"Fiscal Year. The fiscal year of the LLC for financial, accounting, Federal, state and local income tax purposes shall initially be the fiscal year commencing on January 1 and ending on December 31 (the ""Fiscal Year""). The Board of Representatives shall have authority to change the beginning and ending dates of the Fiscal Year if the Board of Representatives, in its sole and absolute discretion, deems such change to be necessary or appropriate to the business of the LLC, and shall give written notice of any such change to the Members within thirty (30) days after the occurrence thereof.",fiscal-year
Fiscal Year. The corporation shall operate on a 52/53-week fiscal year ending on the Saturday closest to January 31st.,fiscal-year
"Fiscal Year. Change its Fiscal Year, or have any fiscal year other than the Fiscal Year;",fiscal-year
Fiscal Year. The Partnership fiscal year shall be the calendar year.,fiscal-year
Fiscal Year. 11.1. The fiscal year of the corporation shall end on the 31st of December.,fiscal-year
"Fiscal Year. Unless the Issuer otherwise determines, the fiscal year of the Issuer shall end on December 31 of each year. The Issuer shall notify the Trustee of any change in its fiscal year.",fiscal-year
Fiscal Year. The fiscal year of the Partnership shall be August 1 to July 31.,fiscal-year
Fiscal Year. Holdco will not change its fiscal year-end to a date other than December 31 without the prior written consent of the Agent.,fiscal-year
"Fiscal Year. The Borrower shall not, and shall not permit any other Specified Loan Party or any of its or their respective Subsidiaries to, and by its execution hereof the Parent Guarantor agrees that it shall not and shall not permit any of its Subsidiaries to, change its fiscal year from that in effect as of the Agreement Date.",fiscal-year
Fiscal Year. The Fiscal Year of each Credit Party begins on October 1 and ends on September 30 of the following calendar year.,fiscal-year
"Fiscal Year. The annual accounting period of the Company shall be its taxable, or fiscal, year. The Company’s taxable, or fiscal, year shall be selected by the Board of Directors, subject to the requirements and limitations of the Internal Revenue Code of 1986, as amended, and the regulations promulgated thereunder, from time to time as the needs of the Company’s business require.",fiscal-year
Fiscal Year. The Credit Parties have a fiscal year ending December 31 of each year.,fiscal-year
Fiscal Year. The fiscal year of the Company shall be fixed by resolution of the Managers.,fiscal-year
"Fiscal Year. The Borrower shall not, and shall not permit any other Restricted Person to, change its Fiscal Year-end without giving 15 days prior written notice thereof to the Administrative Agent.",fiscal-year
"Fiscal Year. The fiscal year of the Corporation shall be fixed, and shall be subject to change, by the Board",fiscal-year
Fiscal Year. The fiscal year of the Corporation shall be the period from January 1 through December 31.,fiscal-year
Fiscal Year. The fiscal year of the Corporation shall begin at the beginning of the first day of January and end at the close of the last day of the following December.,fiscal-year
"Fiscal Year. The Borrower will not change its fiscal year to a date other than December 31st, nor will it permit any Subsidiary to change its fiscal year (other than a change to conform the fiscal year of a Subsidiary to that of the Borrower).",fiscal-year
Fiscal Year. Each Fund shall take appropriate action to adopt and maintain the same fiscal year end as the corresponding Portfolio (currently December 31).,fiscal-year
"Fiscal Year. The Borrower shall not, and shall not permit any Material Subsidiary to, change its fiscal year from that in effect as of the Agreement Date.",fiscal-year
Fiscal Year. The fiscal year of the Corporation shall be as determined by the Board.,fiscal-year
Fiscal Year. The fiscal year of the Corporation shall end on the 31st day of December of each year.,fiscal-year
"Fiscal Year. The Borrower agrees to maintain its fiscal year as a year ending on the last Saturday in December unless required by law, in which case the Borrower will give the Agent at least thirty (30) days prior written notice thereof.",fiscal-year
"Fiscal Year. The fiscal year of the Company (the ""Fiscal Year"") shall be the calendar year.",fiscal-year
"Fiscal Year. Permit the fiscal year for financial reporting purposes of the Borrower to end on a day other than December 31, unless the Borrower shall have given at least 45 days prior written notice to the Administrative Agent.",fiscal-year
"Fiscal Year. The Borrower has a fiscal year which is twelve calendar months and, as of the Effective Date, ends on October 31 of each year.",fiscal-year
"Fiscal Year. Unless and until changed by resolution of the Board, the fiscal year of the Agency shall be the period from July 1 of each year to and including the following June 30, except for the first fiscal year which shall be the period from the date of this Agreement to the following June 30.",fiscal-year
Fiscal Year. The fiscal year of the Liquidating Trust shall end on December 31 of each year unless the Liquidating Trustees deem it advisable to establish some other date as the date on which the fiscal year of the Liquidating Trust shall end.,fiscal-year
"Fiscal Year. The fiscal year of the Corporation shall be the calendar year, or such other period as may be adopted by resolution of the Board of Directors.",fiscal-year
"Fiscal Year. Subject to the Code, to adopt, and from time to time change, a fiscal year for the Company.",fiscal-year
"Fiscal Year. Each Borrower represents that its fiscal year and that of the Guarantor ends on December 31, and agrees that no change shall be made to each such fiscal year, without Lender's prior written consent.",fiscal-year
Fiscal Year. “Fiscal Year” means the calendar year.,fiscal-year
"Fiscal Year. The Borrower will not, nor will it permit any of its Subsidiaries to, change its fiscal year.",fiscal-year
Fiscal Year. The twelve (12) month period from January 1 through December 31 of the same calendar year (as prorated for any partial Fiscal Year during the Term).,fiscal-year
Fiscal Year. Permit its fiscal year to end on a day other than the last day of December of each year.,fiscal-year
Fiscal Year. The fiscal year of the Corporation shall be the same as the calendar year.,fiscal-year
Fiscal Year. No Related Person will change its fiscal year.,fiscal-year
"Fiscal Year. The Borrower shall not, without first complying with the requirements of Section 9.1, change its fiscal year.",fiscal-year
Fiscal Year. The fiscal year of the Company shall be as determined from time to time by the Board.,fiscal-year
"Fiscal Year. The fiscal year of each Series shall end on a specified date as set forth in the Bylaws, provided, however, that the Company may, without Shareholder approval, change the fiscal year of any Series.",fiscal-year
"Fiscal Year. The fiscal year of the Partnership will be a twelve-month year (except for the first and last partial years, if any) ending on December 31.",fiscal-year
Fiscal Year. The Charter School shall operate on a fiscal year that begins on July 1 and ends on June 30.,fiscal-year
Fiscal Year. The Company shall not change its fiscal year from a fiscal year ending December 31.,fiscal-year
Fiscal Year. The fiscal year of the Company (the “Fiscal Year”) shall end on December 31.,fiscal-year
"Fiscal Year. MCRC, the Borrower and its Subsidiaries each has a fiscal year which is the twelve months ending on December 31 of each calendar year, unless changed in accordance with §8.8 hereof.",fiscal-year
Fiscal Year. The calendar year shall be selected as the accounting year of the Company and the books of account shall be maintained on an accrual basis.,fiscal-year
Fiscal Year. Cause its fiscal year to end on a date other than December 31.,fiscal-year
Fiscal Year. Borrower will not and will not permit any of its Restricted Subsidiaries to change their fiscal year.,fiscal-year
Fiscal Year. Change its fiscal year from a December 31 year end.,fiscal-year
"Fiscal Year. The fiscal year of the Corporation shall be December 31, and may be changed by the Board of Directors from time to time subject to applicable law.",fiscal-year
Fiscal Year. The fiscal year of the corporation shall be determined ----------- by resolution of the Board.,fiscal-year
"Fiscal Year. The fiscal year of the Partnership shall be the calendar year, or such other fiscal year as the General Partner shall designate or the Code shall require.",fiscal-year
Fiscal Year. The fiscal year of the Company shall be the calendar year or such other fiscal year as the Member shall determine pursuant to the provisions of Code Section 706(b).,fiscal-year
Fiscal Year. Borrower will not and will not permit its Subsidiaries to change its or their fiscal year from a fiscal year ending on December 31 of each year.,fiscal-year
"Fiscal Year. Company shall maintain its Fiscal Year-end at December 31 of each year; provided that Company may, upon prior written notice to Administrative Agent, change such Fiscal Year-end to any other date reasonably acceptable to Administrative Agent, in which case Company and Administrative Agent shall, and are hereby authorized by Lenders to, make any adjustments to this Agreement that are necessary in order to reflect any corresponding changes in financial reporting.",fiscal-year
"Fiscal Year. The Borrower shall not, and shall not permit any Subsidiary to, change its fiscal year.",fiscal-year
"Fiscal Year. The fiscal year (the ""Fiscal Year"") of the Company for tax and accounting purposes shall be the 12-month (or shorter) period ending on the last day of December of each year.",fiscal-year
"Fiscal Year. The Company will not change the last day of its fiscal year from December 31 of each year, or the last days of the first three fiscal quarters in each of its fiscal years from March 31, June 30 and September 30 of each year, respectively.",fiscal-year
"Fiscal Year. Except as from time to time otherwise provided by the Trustees, the fiscal year of the Trust shall end on the last day of January in each year.",fiscal-year
Fiscal Year. The fiscal year of the corporation shall end on the 31st of December in each year.,fiscal-year
"Fiscal Year. The Parent and the Borrower shall not, and shall not permit any other Loan Party or other Subsidiary of the Parent to, change its fiscal year from that in effect as of the Agreement Date (other than any change to conform to the fiscal year of the Parent).",fiscal-year
"Fiscal Year. The Parent and its Subsidiaries shall not change their Fiscal Year without the prior written consent of the Administrative Agent, which consent shall not be unreasonably withheld, conditioned or delayed.",fiscal-year
Fiscal Year. 2.6 The fiscal year end of Amalco shall be December 31 of each calendar year.,fiscal-year
"Fiscal Year. The fiscal year of the Corporation shall begin on the first day of January of each year and end on the last day of December of the same year, or shall extend for such other 12 consecutive months as the Board of Directors may designate.",fiscal-year
Fiscal Year. The fiscal year of each the Borrower and each Restricted Subsidiary ends on December 31 of each calendar year.,fiscal-year
Fiscal Year. The fiscal year of the Corporation shall end on December 31 of each year unless otherwise determined by the Board.,fiscal-year
Fiscal Year. 45 SECTION 11.2 Certain Accounting Matters . . . . . . . . . . . . . . . . . . . . . . . . . . . . . . . . . . . . . . 45 SECTION 11.3 Banking . . . . . . . . . . . . . . . . . . . . . . . . . . . . . . . . . . . . . . . . . . . . . . . . 46 SECTION 11.4 Withholding . . . . . . . . . . . . . . . . . . . . . . . . . . . . . . . . . . . . . . . . . . . . . . 46 ARTICLE XII AMENDMENTS AND MEETINGS SECTION 12.1,fiscal-year
"Fiscal Year. The Borrowers will not, and will not permit the Guarantors or any of their respective Subsidiaries to, change the date of the end of its fiscal year from that set forth in §7.5.",fiscal-year
Fiscal Year. Period from July 1 of one year to June 30 of the following year.,fiscal-year
"Fiscal Year. The fiscal year of the Company shall be fixed by the Members by resolution duly adopted, and, from time to time, by resolution duly adopted the Members may alter such fiscal year.",fiscal-year
Fiscal Year. The Fiscal Year shall be the calendar year.,fiscal-year
Fiscal Year. The fiscal year end and taxable year end of the Company shall be January 31.,fiscal-year
"Fiscal Year. Each fiscal year of the Company (which, for the avoidance of doubt, ends on or about June 30th of any given year).",fiscal-year
Fiscal Year. Make any change in its fiscal year.,fiscal-year
"Fiscal Year. Fiscal Year"" shall mean a twelve-month period beginning January 1;",fiscal-year
"Fiscal Year. Unless a different year is required for federal income tax purposes, the fiscal year of the Partnership shall end on December 31 of each year.",fiscal-year
Fiscal Year. Neither Borrower shall change its Fiscal Year-end from December 31.,fiscal-year
"Fiscal Year. The fiscal year of the Company shall be the calendar year, except for the short taxable years in the years of the Company’s formation and termination and as otherwise required by the Internal Revenue Code of 1986 (26 U.S.C.A. § 1, et seq.), as amended from time to time (the “Code”).",fiscal-year
Fiscal Year. Holdings shall not change its Fiscal Year-end from December 31.,fiscal-year
Fiscal Year. The fiscal year of the Company (the “Fiscal Year”) shall be a year that ends on December 31.,fiscal-year
Fiscal Year. The Borrower shall not change its Fiscal Year-end.,fiscal-year
"Fiscal Year. The fiscal year of the Trust, or of any Series thereof, shall end on such date as the Trustees from time to time shall determine.",fiscal-year
Fiscal Year. The year commencing on the opening of business on the first day of July of each calendar year and terminating on the close of business on the last day of June of the immediately succeeding calendar year thereto.,fiscal-year
Fiscal Year. Such Borrower will not change its fiscal year if such change would have a Material Adverse Effect on such Borrower.,fiscal-year
Fiscal Year. The LLC’s fiscal and tax year shall end on each year.,fiscal-year
Fiscal Year. The fiscal accounting year of the Company shall be the Fiscal Year. The Member shall make all decisions and elections affecting the calculation and timing of the Company’s income or loss for any accounting period.,fiscal-year
"Fiscal Year. [FOR MARRIOTT BRANDS:] For purposes of this Agreement, the term “Fiscal Year” shall mean the fiscal year as of the Effective Date that ends at midnight on the Friday closest to December 31 in each calendar year; the new Fiscal Year begins on the Saturday immediately following said Friday. Any partial Fiscal Year between the Effective Date and the commencement of the first full Fiscal Year shall constitute a separate Fiscal Year and shall be deemed the first Fiscal Year. A partial Fiscal Year between the end of the last full Fiscal Year and the Termination of this Agreement shall also constitute a separate Fiscal Year.",fiscal-year
Fiscal Year. Change its fiscal year unless such change is not adverse in any respect to the Lenders.,fiscal-year
"Fiscal Year. The fiscal year of the corporation shall begin in January or February and end in January or February each year, based upon the 4-5-4 calendar as defined by the National Retail Federation (""NRF"").",fiscal-year
"Fiscal Year. The fiscal year (“Fiscal Year”) of the Partnership shall be the calendar year or, in the case of the first and last fiscal years of the Partnership, the fraction thereof commencing on the Closing Date or ending on the date on which the winding up of the Partnership is completed, as the case may be. The taxable year of the Partnership shall be determined under Section 706 of the Code.",fiscal-year
Fiscal Year. The fiscal year of the Trust shall end on a specified date as adopted by resolution of the Trustees. The taxable year of each Series of the Trust shall be as determined by the Trustees from time to time.,fiscal-year
"Fiscal Year. Borrower will not, and will not permit any Subsidiary to, change its Fiscal Year.",fiscal-year
"Fiscal Year. Borrower will not, nor will Borrower permit any other Credit Party to, change its Fiscal Year.",fiscal-year
"Fiscal Year. The fiscal year and tax year of the Company (the ""Fiscal Year"") for financial statement purposes shall end on December 31 of each year, or such other date as may be determined by the Member from time to time or otherwise required under applicable law.",fiscal-year
Fiscal Year. The fiscal year of the Fund for financial and accounting purposes shall be [the calendar year] (“Fiscal Year”).,fiscal-year
"Fiscal Year. Until changed with the unanimous approval of the Partners, the Fiscal Year shall be the fiscal year of the Partnership.",fiscal-year
"Fiscal Year. Unless the Issuer otherwise determines (with the prior written consent of the Servicer), the fiscal year of the Issuer shall correspond to the calendar year.",fiscal-year
Fiscal Year. The fiscal year of the Partnership shall be a 52-53 week fiscal year concluding on the last Saturday in September.,fiscal-year
"Fiscal Year. (a) Means the twelve (12) month calendar period, April 1st to March 31st. Benefits stated in terms of yearly maximum amounts shall be determined in accordance with this fiscal year (eg. leave for Medical, Dental, Emergency).",fiscal-year
"Fiscal Year. The “Fiscal Year” of the Company shall be the calendar year. As used in this Agreement, a Fiscal Year shall include any partial Fiscal Year at the beginning or end of the term of the Company.",fiscal-year
Fiscal Year. Borrower will not change its fiscal year. -----------,fiscal-year
"Fiscal Year. Except as otherwise required by the Code, the fiscal year (and taxable year) of the LLC shall end on December 31 of each year.",fiscal-year
"Fiscal Year. The fiscal year of the Company for both accounting and income tax purposes shall be the calendar year. The Company shall report its operations, net income and net losses in accordance with the methods of accounting selected by the Managing Member.",fiscal-year
"Fiscal Year. The Borrower shall not, and shall not permit any Subsidiary of the Borrower to, change its Fiscal Year without the prior written consent of the Administrative Agent (such consent not to be unreasonably withheld or delayed).",fiscal-year
Fiscal Year. The fiscal year of the LLC shall end on December 31 of each year or such other year end as the Manager may determine in its sole discretion.,fiscal-year
Fiscal Year. The fiscal year of the corporation shall be fixed by resolution of the Board of Directors. ARTICLE XI,fiscal-year
"Fiscal Year. No Loan Party shall change the Fiscal Year of any Loan Party without the prior consent of the Administrative Agent, except as required by GAAP.",fiscal-year
Fiscal Year. The fiscal year of the Corporation shall end on the last Friday of December in each year and the succeeding fiscal year shall begin on the day next succeeding the last day of the preceding fiscal year.,fiscal-year
Fiscal Year. The Borrower shall not permit its fiscal year to end on a day other than the first Saturday between January 28th and February 3rd of any given year.,fiscal-year
Fiscal Year. The Loan Parties shall not change their fiscal year from the twelve-month period ending October 31.,fiscal-year
Fiscal Year. Until changed by resolution of the directors the fiscal year of the Corporation shall terminate on the 31st day of December in each year.,fiscal-year
"Fiscal Year. The Borrower shall not, and shall not permit any Subsidiary of the Borrower (other than RSC) to, unless it shall have provided thirty (30) days’ prior written notice to the Administrative Agent (or such shorter period as may be approved by the Administrative Agent in its sole discretion), change its fiscal year from the fifty-two (52)/fifty-three (53) week fiscal year beginning on the Monday closest to December 31 of each calendar year and ending on the last Sunday in December of each calendar year; provided, however that if during any calendar year December 31 is a Sunday such fifty-two (52)/fifty-three (53) week period shall begin on January 1 of the immediately following calendar year.",fiscal-year
"Fiscal Year. No Borrower shall, nor shall it permit any of its Subsidiaries to, change their Fiscal Year; provided, that any Subsidiary of Company may change its Fiscal Year to correspond to the Fiscal Year of Company.",fiscal-year
Fiscal Year. The fiscal year of the Company and each Subsidiary ends on December 31 of each year.,fiscal-year
"Fiscal Year. The fiscal year of the corporation shall begin on the ----------- first of January in each year and shall end on the last day of December next following, unless otherwise determined by the board of directors.",fiscal-year
"Fiscal Year. Landlord shall have the right to change its Fiscal Year from time to time. If Landlord changes its Fiscal Year during the Lease Term, thereby creating a Fiscal Year with fewer than twelve (12) months (hereinafter ""short year""), the Real Estate Taxes and Operating Expenses for the short year shall be determined on an annualized basis by taking the monthly average of the actual Real Estate Taxes and Operating Expenses, respectively, and multiplying each by twelve. The amounts determined by this method shall be used in determining the increases described in Sections 2.2(a) and 2.2(b) for the short year.",fiscal-year
"Fiscal Year. In the case of the Borrower, change its fiscal year-end to a date other than December 31st.",fiscal-year
"Fiscal Year. The Borrower shall not, and shall not suffer any of its Subsidiaries to, change its fiscal year or fiscal quarter except in accordance with GAAP.",fiscal-year
Fiscal Year. Permit its fiscal year to end on a day other than ----------- December 31 unless prior written notice thereof has been given to the Agent and the Banks.,fiscal-year
"Fiscal Year. The Borrowers will not, and the Borrowers will not permit any other Loan Party to, change its fiscal year to end on a date other than December 31; provided, that the Borrowers and their Subsidiaries may change their fiscal year end one or more times, subject to such adjustments to this Agreement as the Borrowers and Administrative Agent shall reasonably agree are necessary or appropriate in connection with such change (and the parties hereto hereby authorize the Borrower and the Administrative Agent to make any such amendments to this Agreement as they jointly deem necessary to give effect to the foregoing).",fiscal-year
"Fiscal Year. Each Loan Party shall not, and shall not permit any of its Subsidiaries to, change its fiscal year from the twelve (12) month period beginning January 1 and ending December 31.",fiscal-year
"Fiscal Year. The Fiscal Year of the Partnership shall be the calendar year, or such other year as may be required by the Code.",fiscal-year
"Fiscal Year. The first fiscal period of the Partnership will end on December 31, 2012. Thereafter each fiscal period of the Partnership will commence on January 1 and will end on the earlier of December 31 of that year or the date of dissolution or other termination of the Partnership. Each such fiscal period is referred to in this Agreement as a “Fiscal Year”.",fiscal-year
Fiscal Year. The Company’s fiscal year shall commence on January 1 and end on December 31 of each year.,fiscal-year
"Fiscal Year. The fiscal year (“Fiscal Year”) of the Partnership shall be the calendar year or, in the case of the first and last fiscal years of the Partnership, the fraction thereof commencing on the Closing Date or ending on the date on which the winding up of the Partnership is completed, as the case may be. The taxable year of the Partnership shall be determined under Section 706 of the Code. The General Partner shall have the authority to change the ending date of the Fiscal Year if the General Partner shall determine in good faith that such change is necessary or appropriate, provided that the General Partner shall promptly give written notice of any such change to the Limited Partners.",fiscal-year
"Fiscal Year. To enable the ready and consistent determination of compliance with the covenants set forth in Section 7.09 hereof, the Company and its Subsidiaries will not change the last day of their fiscal year from December 31 of each year, or the last day of the first three fiscal quarters in each of its fiscal years from March 31, June 30 and September 30, respectively.",fiscal-year
Fiscal Year. Neither SRI nor the Borrower will change the date of the end of their respective fiscal years from that set forth in ss.7.21 hereof.,fiscal-year
"Fiscal Year. No Loan Party will, nor will it permit any Subsidiary of it to, change its Fiscal Year without the prior written consent of the Administrative Agent.",fiscal-year
Fiscal Year. The Partnership’s tax year shall be the calendar year unless changed by the General Partner with the consent of the Internal Revenue Service.,fiscal-year
Fiscal Year. No Restricted Person will change its fiscal year.,fiscal-year
Fiscal Year. The fiscal year of the Partnership and of each Series shall be a fiscal year ending December 31.,fiscal-year
"Fiscal Year. Fiscal Year"" shall mean a twelve-month period beginning January 1.",fiscal-year
"Fiscal Year. The fiscal year of the Company shall be such as established from time to time by the managers. Unless otherwise fixed by the managers, the fiscal year of the Company shall commence on January 1 and end on December 31 of each and every calendar year.",fiscal-year
"Fiscal Year. No Credit Party shall change its fiscal year, nor shall it permit any Subsidiary thereof to do so, without the advance written consent of Lender.",fiscal-year
"Fiscal Year. The fiscal year of each Borrower Party is the calendar year, except as may be changed in accordance with Section 10.03.",fiscal-year
Fiscal Year. The Borrower will not change its fiscal year end from December 31.,fiscal-year
Fiscal Year. As defined in Section 2.7.,fiscal-year
Fiscal Year. The School's Fiscal year shall be July 1 – June 30,fiscal-year
Fiscal Year. The fiscal year of the Partnership shall be October 1 to September 30.,fiscal-year
Fiscal Year. Section 1. The fiscal year of the Company shall be the calendar year.,fiscal-year
"Fiscal Year. Except as required by law, or required in connection with a transaction permitted under Section 8.02 hereof, the Borrower will not change its fiscal year without the consent of the Banks, which consent shall not be unreasonably withheld.",fiscal-year
Fiscal Year. The Borrowers shall not change their fiscal year.,fiscal-year
"Fiscal Year. Change, or permit any Subsidiary to change, its fiscal year, or permit any Subsidiary to have a fiscal year different from that of Borrower.",fiscal-year
"Fiscal Year. The Tality Parties shall ensure that their fiscal years for financial, accounting and federal, state and local income tax purposes shall be the same as Cadence's fiscal year.",fiscal-year
"Fiscal Year. With respect to the Borrower, change its fiscal year-end to a date other than December 31; provided that the Borrower may use a 52/53 week fiscal year ending around December 31.",fiscal-year
"Fiscal Year. For purpose of this Agreement, the Company's fiscal year end is assumed to be June 30.",fiscal-year
Fiscal Year. Change the times of commencement or termination of its fiscal year or other accounting periods; or change its methods of accounting other than to conform to GAAP.,fiscal-year
Fiscal Year. Neither the Borrower nor any Subsidiary of the Borrower shall change its Fiscal Year from a period beginning January 1 and ending on the immediately succeeding December 31.,fiscal-year
"Fiscal Year. The Borrower shall not permit the fiscal year of the Borrower to end on a day other than September 30, except with the consent of the Majority Banks (which consent shall not be unreasonably withheld and which consent may be conditioned upon adjusting the covenants in a manner to give each of the parties hereto substantially the same protection and benefits as were in effect prior to any such change in the fiscal year of the Borrower).",fiscal-year
"Fiscal Year. Except as set forth on Schedule 7.4.1, as of the Closing Date, each of the Borrowers and each of their Subsidiaries has a fiscal year which is the twelve months ending on December 31 of each calendar year.",fiscal-year
